{"loss": [0.011171695776283741, 0.009542473591864109, 0.00929412990808487, 0.009141447953879833, 0.009031875059008598, 0.008960261009633541, 0.008911714889109135, 0.008855839259922504, 0.008822412230074406, 0.008788777515292168], "mse": [0.011171695776283741, 0.009542473591864109, 0.00929412990808487, 0.009141447953879833, 0.009031875059008598, 0.008960261009633541, 0.008911714889109135, 0.008855839259922504, 0.008822412230074406, 0.008788777515292168], "val_loss": [0.01023713406175375, 0.01018650084733963, 0.00969978142529726, 0.0094598438590765, 0.009381457231938839, 0.009364692494273186, 0.009372236207127571, 0.009306094609200954, 0.009199296124279499, 0.009197274222970009], "val_mse": [0.01023713406175375, 0.01018650084733963, 0.00969978142529726, 0.0094598438590765, 0.009381457231938839, 0.009364692494273186, 0.009372236207127571, 0.009306094609200954, 0.009199296124279499, 0.009197274222970009]}